id,desktop_inventory_element,element,location,model,desktop_inventory,serial,quantity,millicom_code,is_asset,element_type_asset,element_category_asset,comments,desktop_inventory_process_result_detail,check_field_service_login,check_field_service_date,check_inventory_responsible_login,check_inventory_responsible_date,internal_location_id,missing_element_created_for_partial_diff
243,3347,206221,BOG0072,1003800,64,R_DAGA_BOG0072_0001,1,A06G112232,Y,20,7,"(mario.roman): (AO79049480): (AO79049480): Se cambio Modelo, existe en realidad un MYSI",2583,mario.roman,"2010-08-20 11:35:13",AF3086222,"2010-08-05 17:49:26",NULL,0
244,3353,206229,BOG0072,1000029,64,RFANT_BOG0072_0001,1,A05G132091,Y,186,53,"(mario.roman): (AO79049480): (AO79049480): (JD19471339): (AF3086222): Se cambi? la referencia de la antena porque tenia una diferente",2584,mario.roman,"2010-08-20 11:35:13",AF3086222,"2010-08-05 17:49:26",NULL,0
455,717,156232,BOG0059,1002041,113,A05T110183,1,A05T110183,Y,11,62,,4761,mario.roman,"2010-08-26 11:01:57",AO79049480,"2010-08-11 09:04:16",NULL,0
456,716,156231,BOG0059,1002041,113,A05T110182,1,A05T110182,Y,11,62,,4760,mario.roman,"2010-08-26 11:01:57",AO79049480,"2010-08-11 09:04:16",NULL,0
457,718,156233,BOG0059,1002041,113,A05T110184,1,A05T110184,Y,11,62,,4759,mario.roman,"2010-08-26 11:01:57",AO79049480,"2010-08-11 09:04:16",NULL,0
458,719,156234,BOG0059,1002041,113,A05T110185,1,A05T110185,Y,11,62,,4758,mario.roman,"2010-08-26 11:01:46",AO79049480,"2010-08-11 09:04:15",NULL,0
459,743,174813,BOG0059,1002011,113,A05G131504,1,A05G131504,Y,11,53,,4757,mario.roman,"2010-08-26 11:01:35",AO79049480,"2010-08-11 09:04:15",NULL,0
460,744,174814,BOG0059,1002011,113,A05G131505,1,A05G131505,Y,11,53,,4756,mario.roman,"2010-08-26 11:01:24",AO79049480,"2010-08-11 09:04:15",NULL,0
461,746,174816,BOG0059,1002011,113,A05G131507,1,A05G131507,Y,11,53,,4755,mario.roman,"2010-08-26 11:01:17",AO79049480,"2010-08-11 09:04:15",NULL,0
462,745,174815,BOG0059,1002011,113,A05G131506,1,A05G131506,Y,11,53,,4754,mario.roman,"2010-08-26 11:01:57",AO79049480,"2010-08-11 09:04:16",NULL,0
463,748,174818,BOG0059,1002011,113,A05G131509,1,A05G131509,Y,11,53,,4753,mario.roman,"2010-08-26 11:01:57",AO79049480,"2010-08-11 09:04:16",NULL,0
464,747,174817,BOG0059,1002011,113,A05G131508,1,A05G131508,Y,11,53,,4752,mario.roman,"2010-08-26 11:01:57",AO79049480,"2010-08-11 09:04:16",NULL,0
465,749,174819,BOG0059,1002011,113,A05G131510,1,A05G131510,Y,11,53,,4751,mario.roman,"2010-08-26 11:01:57",AO79049480,"2010-08-11 09:04:16",NULL,0
466,750,174820,BOG0059,1002011,113,A05G131511,1,A05G131511,Y,11,53,,4750,mario.roman,"2010-08-26 11:01:57",AO79049480,"2010-08-11 09:04:16",NULL,0
467,791,217110,BOG0059,1002011,113,A05G131512,1,A05G131512,Y,11,53,,4749,mario.roman,"2010-08-26 11:01:57",AO79049480,"2010-08-11 09:04:16",NULL,0
468,792,217111,BOG0059,1002011,113,A05G131513,1,A05G131513,Y,11,53,,4748,mario.roman,"2010-08-26 11:01:57",AO79049480,"2010-08-11 09:04:16",NULL,0
469,793,217112,BOG0059,1002011,113,A05G131514,1,A05G131514,Y,11,53,,4747,mario.roman,"2010-08-26 11:01:57",AO79049480,"2010-08-11 09:04:16",NULL,0
470,794,217113,BOG0059,1002011,113,A05G131515,1,A05G131515,Y,11,53,,4746,mario.roman,"2010-08-26 11:01:57",AO79049480,"2010-08-11 09:04:16",NULL,0
471,751,212362,BOG0059,1000401,113,,100,,Y,246,53,,4745,mario.roman,"2010-08-26 11:01:57",AO79049480,"2010-08-11 09:04:16",NULL,0
472,777,212390,BOG0059,1000401,113,,20,,Y,246,53,,4744,mario.roman,"2010-08-26 11:01:57",AO79049480,"2010-08-11 09:04:16",NULL,0
3238,15506,15133,BAR0050,1000045,293,KNR/RN152585,1,A05G124654,Y,20,53,,24533,NULL,NULL,LQ11318319,"2010-08-30 10:38:38",NULL,0
3239,15504,14404,BAR0050,1000313,293,KNR/P7136393,1,A05G124652,Y,20,53,,24534,NULL,NULL,LQ11318319,"2010-08-30 10:38:38",NULL,0
3240,15505,14622,BAR0050,1002100,293,KNR/R7149842,1,A05G124653,Y,20,53,,24535,NULL,NULL,LQ11318319,"2010-08-30 10:38:38",NULL,0
3241,16923,123138,BAR0128,1000401,292,,138,,Y,246,53,,24649,NULL,NULL,NULL,NULL,NULL,0
3243,16940,141467,BAR0128,1000401,292,,48,,Y,246,53,,24651,NULL,NULL,NULL,NULL,NULL,0
3244,16822,123104,BAR0066,1000404,291,,18,,Y,246,53,,24765,NULL,NULL,NULL,NULL,NULL,0
3247,16829,153795,BAR0066,1000401,291,,18,,Y,246,53,,24768,NULL,NULL,NULL,NULL,NULL,0
3923,27565,375264,BAR0049,1004435,344,21021127229TA3007771,1,A05T109571,Y,222,62,,29565,NULL,NULL,NULL,NULL,NULL,0
3926,27533,333963,BAR0049,1002011,344,A05G124587,1,A05G124587,Y,11,53,,29568,NULL,NULL,NULL,NULL,NULL,0
3927,27532,333962,BAR0049,1002011,344,A05G124586,1,A05G124586,Y,11,53,,29569,NULL,NULL,NULL,NULL,NULL,0
3928,27517,278038,BAR0049,1002041,344,A10G103428,1,A10G103428,Y,11,5,,29570,NULL,NULL,NULL,NULL,NULL,0
3929,27530,333960,BAR0049,1002011,344,A05G124584,1,A05G124584,Y,11,53,,29571,NULL,NULL,NULL,NULL,NULL,0
3930,27531,333961,BAR0049,1002011,344,A05G124585,1,A05G124585,Y,11,53,,29572,NULL,NULL,NULL,NULL,NULL,0
3931,27516,278037,BAR0049,1002041,344,A10G103427,1,A10G103427,Y,11,5,,29573,NULL,NULL,NULL,NULL,NULL,0
3932,27515,278036,BAR0049,1002041,344,A10G103426,1,A10G103426,Y,11,5,,29574,NULL,NULL,NULL,NULL,NULL,0
3933,27514,278035,BAR0049,1002041,344,A10G103425,1,A10G103425,Y,11,5,,29575,NULL,NULL,NULL,NULL,NULL,0
4051,27645,216000,BAR0101,1000003,365,164054,1,A06G111990,Y,236,7,,30437,NULL,NULL,NULL,NULL,NULL,0
4055,27661,334052,BAR0101,1002011,365,A05G126762,1,A05G126762,Y,11,53,,30441,NULL,NULL,NULL,NULL,NULL,0
4056,27662,334053,BAR0101,1002011,365,A05G126763,1,A05G126763,Y,11,53,,30442,NULL,NULL,NULL,NULL,NULL,0
4057,27663,334054,BAR0101,1002011,365,A05G126764,1,A05G126764,Y,11,53,,30443,NULL,NULL,NULL,NULL,NULL,0
4058,27664,334055,BAR0101,1002011,365,A05G126765,1,A05G126765,Y,11,53,,30444,NULL,NULL,NULL,NULL,NULL,0
4059,27665,334056,BAR0101,1002011,365,A05G126766,1,A05G126766,Y,11,53,,30445,NULL,NULL,NULL,NULL,NULL,0
4060,27666,334057,BAR0101,1002011,365,A05G126767,1,A05G126767,Y,11,53,,30446,NULL,NULL,NULL,NULL,NULL,0
4061,27667,334058,BAR0101,1002011,365,A05G126768,1,A05G126768,Y,11,53,,30447,NULL,NULL,NULL,NULL,NULL,0
4062,27668,334059,BAR0101,1002011,365,A05G126769,1,A05G126769,Y,11,53,,30448,NULL,NULL,NULL,NULL,NULL,0
4114,27397,335309,BAR0099,1002011,369,A05G126678,1,A05G126678,Y,11,53,,30724,NULL,NULL,NULL,NULL,NULL,0
4116,27399,335311,BAR0099,1002011,369,A05G126680,1,A05G126680,Y,11,53,,30726,NULL,NULL,NULL,NULL,NULL,0
4117,27400,335312,BAR0099,1002011,369,A05G126681,1,A05G126681,Y,11,53,,30727,NULL,NULL,NULL,NULL,NULL,0
4118,27401,335313,BAR0099,1002011,369,A05G126682,1,A05G126682,Y,11,53,,30728,NULL,NULL,NULL,NULL,NULL,0
4119,27402,336313,BAR0099,1002011,369,A05G126683,1,A05G126683,Y,11,53,,30729,NULL,NULL,NULL,NULL,NULL,0
4120,27403,345201,BAR0099,1000003,369,123685,1,A06G111987,Y,236,7,,30730,NULL,NULL,NULL,NULL,NULL,0
4297,15668,124395,BAR0150,1000042,331,1PS30861-U2008-X-03/01SPWM/V2122180,1,A05G127914,Y,9,53,,32838,CD92556376,"2010-08-26 09:20:58",LQ11318319,"2010-08-26 09:25:03",NULL,0
4299,15687,168922,BAR0150,1000135,331,1PS30861-U2408-X-12/01SUEB/WO698870,1,A05G127940,Y,192,53,,32840,CD92556376,"2010-08-26 09:20:58",LQ11318319,"2010-08-26 09:25:04",NULL,0
4300,15731,311858,BAR0150,1000401,331,,300,,Y,246,53,,32841,CD92556376,"2010-08-26 09:20:58",LQ11318319,"2010-08-26 09:25:04",NULL,0
4383,28346,164076,BOG0336,1002011,448,A05G141077,1,A05G141077,Y,11,53,,33538,william.caballero,"2010-09-02 10:16:00",AF3086222,"2010-08-25 21:16:54",NULL,0
4384,28345,164062,BOG0336,1002011,448,A05G141076,1,A05G141076,Y,11,53,,33539,william.caballero,"2010-09-02 10:16:00",AF3086222,"2010-08-25 21:16:54",NULL,0
4385,28344,164048,BOG0336,1002011,448,A05G141075,1,A05G141075,Y,11,53,,33540,william.caballero,"2010-09-02 10:16:00",AF3086222,"2010-08-25 21:16:54",NULL,0
4386,28343,164034,BOG0336,1002011,448,A05G141074,1,A05G141074,Y,11,53,,33541,william.caballero,"2010-09-02 10:16:00",AF3086222,"2010-08-25 21:16:54",NULL,0
7817,NULL,180818,CUN0153,1001867,664,,500,,Y,246,53,,53619,fernando.zaldua,"2010-09-17 12:07:56",AO79049480,"2010-09-17 12:09:40",NULL,0
7818,NULL,165235,CUN0153,1002011,664,A05G171051,1,A05G171051,Y,11,53,,53620,fernando.zaldua,"2010-09-17 12:07:56",AO79049480,"2010-09-17 12:09:40",NULL,0
7819,NULL,165237,CUN0153,1002011,664,A05G171052,1,A05G171052,Y,11,53,,53621,fernando.zaldua,"2010-09-17 12:07:56",AO79049480,"2010-09-17 12:09:40",NULL,0
7820,NULL,165239,CUN0153,1002011,664,A05G171053,1,A05G171053,Y,11,53,,53622,fernando.zaldua,"2010-09-17 12:07:56",AO79049480,"2010-09-17 12:09:41",NULL,0
7821,NULL,165241,CUN0153,1002011,664,A05G171054,1,A05G171054,Y,11,53,,53623,fernando.zaldua,"2010-09-17 12:07:56",AO79049480,"2010-09-17 12:09:41",NULL,0
7822,NULL,165243,CUN0153,1002011,664,A05G171055,1,A05G171055,Y,11,53,,53624,fernando.zaldua,"2010-09-17 12:07:56",AO79049480,"2010-09-17 12:09:42",NULL,0
7823,NULL,165244,CUN0153,1002011,664,A05G171056,1,A05G171056,Y,11,53,,53625,fernando.zaldua,"2010-09-17 12:07:56",AO79049480,"2010-09-17 12:09:42",NULL,0
7824,NULL,165245,CUN0153,1002011,664,A05G171057,1,A05G171057,Y,11,53,,53626,fernando.zaldua,"2010-09-17 12:07:56",AO79049480,"2010-09-17 12:09:42",NULL,0
7825,NULL,165247,CUN0153,1002011,664,A05G171058,1,A05G171058,Y,11,53,,53627,fernando.zaldua,"2010-09-17 12:07:56",AO79049480,"2010-09-17 12:09:42",NULL,0
9484,NULL,326533,BOG0298,1001260,809,21023151691085000187,1,A05T117791,Y,224,62,,62897,NULL,NULL,NULL,NULL,NULL,0
9485,NULL,326533,BOG0298,1001260,809,21023151691085000187,1,A05T117791,Y,224,62,,62943,NULL,NULL,NULL,NULL,NULL,0
16154,NULL,83001,CUN0076,1000496,262,94286-055,1,A06G120079,Y,733,7,"SE HIZO TRASLADO DESDE CUN0075 YA QUE TODOS LOS ELEMENTOS DE ESE ENLACE SE CARGARON A CUN0076",103677,mario.roman,"2010-10-08 10:46:16",AO79049480,"2010-12-16 15:03:10",NULL,0
16155,NULL,83001,CUN0076,1000496,262,94286-055,1,A06G120079,Y,733,7,"SE HIZO TRASLADO DESDE CUN0075 YA QUE TODOS LOS ELEMENTOS DE ESE ENLACE SE CARGARON A CUN0076",103678,mario.roman,"2010-10-08 10:46:16",AO79049480,"2010-12-16 15:03:10",NULL,0
16402,6443,323534,BOG0145,1002011,114,A05G135533,1,A05G135533,Y,11,53,,105333,william.caballero,"2010-10-20 15:14:09",JD19471339,"2010-10-20 15:10:38",NULL,0
16403,6444,323535,BOG0145,1002011,114,A05G135534,1,A05G135534,Y,11,53,,105334,william.caballero,"2010-10-20 15:14:09",JD19471339,"2010-10-20 15:10:38",NULL,0
16404,6445,323536,BOG0145,1002011,114,A05G135535,1,A05G135535,Y,11,53,,105335,william.caballero,"2010-10-20 15:14:09",JD19471339,"2010-10-20 15:10:38",NULL,0
16405,6446,323537,BOG0145,1002011,114,A05G135536,1,A05G135536,Y,11,53,,105336,william.caballero,"2010-10-20 15:14:09",JD19471339,"2010-10-20 15:10:38",NULL,0
16406,6447,323538,BOG0145,1002011,114,A05G135537,1,A05G135537,Y,11,53,,105337,william.caballero,"2010-10-20 15:14:09",JD19471339,"2010-10-20 15:10:38",NULL,0
16407,6448,323539,BOG0145,1002011,114,A05G135538,1,A05G135538,Y,11,53,,105338,william.caballero,"2010-10-20 15:14:10",JD19471339,"2010-10-20 15:10:38",NULL,0
16408,6449,323540,BOG0145,1002011,114,A05G135539,1,A05G135539,Y,11,53,,105339,william.caballero,"2010-10-20 15:14:10",JD19471339,"2010-10-20 15:10:38",NULL,0
16409,6450,323541,BOG0145,1002011,114,A05G135540,1,A05G135540,Y,11,53,,105340,william.caballero,"2010-10-20 15:14:10",JD19471339,"2010-10-20 15:10:38",NULL,0
16410,6451,323542,BOG0145,1002011,114,A05G135541,1,A05G135541,Y,11,53,,105341,william.caballero,"2010-10-20 15:14:10",JD19471339,"2010-10-20 15:10:38",NULL,0
16411,6452,323543,BOG0145,1002011,114,A05G135542,1,A05G135542,Y,11,53,,105342,william.caballero,"2010-10-20 15:14:10",JD19471339,"2010-10-20 15:10:38",NULL,0
16412,6453,323544,BOG0145,1002011,114,A05G135543,1,A05G135543,Y,11,53,,105343,william.caballero,"2010-10-20 15:14:10",JD19471339,"2010-10-20 15:10:38",NULL,0
16413,6454,323545,BOG0145,1002011,114,A05G135544,1,A05G135544,Y,11,53,,105344,william.caballero,"2010-10-20 15:14:10",JD19471339,"2010-10-20 15:10:38",NULL,0
16414,6455,323546,BOG0145,1002011,114,A05G135545,1,A05G135545,Y,11,53,,105345,william.caballero,"2010-10-20 15:14:10",JD19471339,"2010-10-20 15:10:38",NULL,0
16415,6456,323547,BOG0145,1002011,114,A05G135546,1,A05G135546,Y,11,53,,105346,william.caballero,"2010-10-20 15:14:10",JD19471339,"2010-10-20 15:10:38",NULL,0
16416,6457,323548,BOG0145,1002011,114,A05G135547,1,A05G135547,Y,11,53,,105347,william.caballero,"2010-10-20 15:14:10",JD19471339,"2010-10-20 15:10:38",NULL,0
16417,6458,323549,BOG0145,1002011,114,A05G135548,1,A05G135548,Y,11,53,,105348,william.caballero,"2010-10-20 15:14:10",JD19471339,"2010-10-20 15:10:38",NULL,0
16418,6399,165480,BOG0145,1000044,114,KNR/S3307774,1,A05G135507,Y,20,53,,105349,william.caballero,"2010-10-20 15:14:10",JD19471339,"2010-10-20 15:10:38",NULL,0
16419,6402,165483,BOG0145,1000553,114,KNR/S4360046,1,A05G135510,Y,20,53,,105350,william.caballero,"2010-10-20 15:14:10",JD19471339,"2010-10-20 15:10:38",NULL,0
16420,6418,201271,BOG0145,1000401,114,,80,,Y,246,53,,105351,william.caballero,"2010-10-20 15:14:10",JD19471339,"2010-10-20 15:10:38",NULL,0
16421,6401,165482,BOG0145,1000662,114,KNR/S3322338,1,A05G135509,Y,20,53,,105352,william.caballero,"2010-10-20 15:14:10",JD19471339,"2010-10-20 15:10:38",NULL,0
19918,NULL,322335,ATL0018,1001149,1450,A05T109247,1,A05T109247,Y,222,62,"SE CAMBIA SERIAL GENERICO A SERIAL MIC CODE.",127633,Andres.hernandez,"2010-11-03 16:26:48",LQ11318319,"2010-11-04 08:37:12",NULL,0
21988,NULL,92395,HUI0033,1000570,1585,11030,1,A06G144985,Y,710,7,"Se encontro en Laicon en HUI0033, se reporta movimiento y se asigna placa sobrante",145080,SH1098627509,"2010-11-10 14:55:17",JM10255349,"2010-11-09 16:15:23",NULL,0
29146,NULL,266609,CUN0052,1000539,1815,78661,1,A06G144110,Y,225,7,,179820,NULL,NULL,NULL,NULL,NULL,0
29147,NULL,271324,CUN0052,1000036,1815,N0B2069162,1,A05T127769,Y,186,62,,179821,NULL,NULL,NULL,NULL,NULL,0
29148,NULL,273531,CUN0052,1000036,1815,NOBO565015,1,A05T127770,Y,186,62,,179822,NULL,NULL,NULL,NULL,NULL,0
29149,NULL,271323,CUN0052,1000036,1815,NOB2069164,1,A05T127771,Y,186,62,,179823,NULL,NULL,NULL,NULL,NULL,0
29150,NULL,143359,CUN0052,1000553,1815,KNR/S1380118,1,A05G168417,Y,20,53,,179824,NULL,NULL,NULL,NULL,NULL,0
29151,NULL,344102,CUN0052,1002011,1815,A05G168421,1,A05G168421,Y,11,53,,179825,NULL,NULL,NULL,NULL,NULL,0
29152,NULL,344103,CUN0052,1002011,1815,A05G168422,1,A05G168422,Y,11,53,,179826,NULL,NULL,NULL,NULL,NULL,0
29153,NULL,344104,CUN0052,1002011,1815,A05G168423,1,A05G168423,Y,11,53,,179827,NULL,NULL,NULL,NULL,NULL,0
29154,NULL,344105,CUN0052,1002011,1815,A05G168424,1,A05G168424,Y,11,53,,179828,NULL,NULL,NULL,NULL,NULL,0
29155,NULL,266560,CUN0052,1000662,1815,KNR/R9144856,1,A05G168419,Y,20,53,,179829,NULL,NULL,NULL,NULL,NULL,0
29157,NULL,344106,CUN0052,1002011,1815,A05G168425,1,A05G168425,Y,11,53,,179831,NULL,NULL,NULL,NULL,NULL,0
29158,NULL,344107,CUN0052,1002011,1815,A05G168426,1,A05G168426,Y,11,53,,179832,NULL,NULL,NULL,NULL,NULL,0
29159,NULL,344108,CUN0052,1002011,1815,A05G168427,1,A05G168427,Y,11,53,,179833,NULL,NULL,NULL,NULL,NULL,0
29160,NULL,344109,CUN0052,1002011,1815,A05G168428,1,A05G168428,Y,11,53,,179834,NULL,NULL,NULL,NULL,NULL,0
29161,NULL,344110,CUN0052,1002011,1815,A05G168429,1,A05G168429,Y,11,53,,179835,NULL,NULL,NULL,NULL,NULL,0
29162,NULL,344111,CUN0052,1002011,1815,A05G168430,1,A05G168430,Y,11,53,,179836,NULL,NULL,NULL,NULL,NULL,0
29163,NULL,344112,CUN0052,1002011,1815,A05G168431,1,A05G168431,Y,11,53,,179837,NULL,NULL,NULL,NULL,NULL,0
29164,NULL,344113,CUN0052,1002011,1815,A05G168432,1,A05G168432,Y,11,53,,179838,NULL,NULL,NULL,NULL,NULL,0
29165,NULL,266561,CUN0052,1002099,1815,KNR/R8142797,1,A05G168433,Y,20,53,,179839,NULL,NULL,NULL,NULL,NULL,0
29166,NULL,266562,CUN0052,1000662,1815,KNR/R9144615,1,A05G168420,Y,20,53,,179840,NULL,NULL,NULL,NULL,NULL,0
29167,NULL,377442,CUN0052,1001149,1815,210231593410A4000034,1,A05T119823,Y,222,62,,179841,NULL,NULL,NULL,NULL,NULL,0
29168,NULL,274576,CUN0052,1002041,1815,A05T113842,1,A05T113842,Y,11,62,,179842,NULL,NULL,NULL,NULL,NULL,0
29169,NULL,274577,CUN0052,1002041,1815,A05T113843,1,A05T113843,Y,11,62,,179843,NULL,NULL,NULL,NULL,NULL,0
29170,NULL,274578,CUN0052,1002041,1815,A05T113844,1,A05T113844,Y,11,62,,179844,NULL,NULL,NULL,NULL,NULL,0
29171,NULL,274579,CUN0052,1002041,1815,A05T113845,1,A05T113845,Y,11,62,,179845,NULL,NULL,NULL,NULL,NULL,0
29172,NULL,278391,CUN0052,1000659,1815,626,1,A06G143772,Y,31,7,,179846,NULL,NULL,NULL,NULL,NULL,0
29173,NULL,266608,CUN0052,1000539,1815,56763,1,A06G144116,Y,225,7,,179847,NULL,NULL,NULL,NULL,NULL,0
39660,NULL,278377,PLATFORM,1000659,1843,A06N065003,1,A06G144335,Y,31,7,"SE TRASLADA DE PLATAFORM. SE ASIGNA MIC CODE.",232892,pedro.caviedes,"2010-12-22 09:04:54",AO79049480,"2010-12-22 10:23:54",NULL,0
39661,NULL,278369,PLATFORM,1000602,1843,A06G144344,1,A06G144344,Y,20,7,"SE EFECTUA TRASLADO DE PLATAFORMA",232893,pedro.caviedes,"2010-12-22 09:04:54",AO79049480,"2010-12-22 10:23:54",NULL,0
44542,294480,286734,MSCBOG03_DESEMPENO,1002740,2220,USE640N1M1,1,C01G106792,Y,101,6,Ninguno,284828,fabian.aranda,"2011-01-24 10:00:47",AF3086222,"2011-01-17 20:53:36",NULL,0
53894,NULL,78628,MWSUR34,1000656,2967,36491,1,A06G128135,Y,225,7,,339241,JC80206825,"2011-02-07 17:38:50",FS16658896,"2011-02-07 09:35:06",NULL,0
58383,NULL,1038534,WAR01BAR,1004630,2847,A06G151956,1,A06G151956,Y,20,7,"SE REPORTA MOVIMIENTO",365843,RG1129582037,"2011-02-21 00:11:59",JC1083867636,"2011-02-15 19:11:42",NULL,0
64864,NULL,158735,PLATFORM,1001789,2454,9503,1,A06G146685,Y,225,7,,407606,oscar.oviedo,"2011-03-03 22:50:31",LQ11318319,"2011-03-04 21:25:24",NULL,0
64865,NULL,158461,PLATFORM,1001789,2454,9509,1,A06G146684,Y,225,7,,407605,oscar.oviedo,"2011-03-03 22:50:31",LQ11318319,"2011-03-04 21:25:24",NULL,0
64875,NULL,96950,PLATFORM,1000020,2454,111841,1,A06G146695,Y,236,7,,407595,oscar.oviedo,"2011-03-03 22:50:31",LQ11318319,"2011-03-04 21:25:23",NULL,0
126861,1221033,1128130,WAR01CAL,1004854,11354,1101219805-289/10033958,1,A05G230360,Y,186,53,"CAMBIO DE UBICACI?N INTERNA VIENE DEL SECTOR E1-N4-C1",1444779,JR6135644,"2012-09-26 12:59:55",FS16658896,"2012-09-26 12:51:51",246,0
126862,1221032,1126364,WAR01CAL,1005394,11354,11CN100641971,1,A05T117959,Y,733,62,"CAMBIO DE UBICACI?N INTERNA VIENE DEL SECTOR E1-N4-C1",1444780,JR6135644,"2012-09-26 12:59:55",FS16658896,"2012-09-26 12:51:51",246,0
126863,1221031,1109739,WAR01CAL,1004678,11354,1110705501-049/10031767,1,A05G226372,Y,186,53,"Cambio DE ubicaci?n interna vienen de E1-N4-C1",1444781,JR6135644,"2012-09-26 12:59:55",FS16658896,"2012-09-26 12:51:51",225,0
126864,1221030,1109738,WAR01CAL,1004678,11354,1110705501-077/10031767,1,A05G226371,Y,186,53,"Cambio DE ubicaci?n interna vienen de E1-N4-C1",1444782,JR6135644,"2012-09-26 12:59:55",FS16658896,"2012-09-26 12:51:51",225,0
126865,1221026,1082389,WAR01CAL,1004854,11354,1110119803-425/10033958,1,A05G279842,Y,186,53,"CAMBIO DE UBICACI?N INTERNA VIENE DEL SECTOR E1-N4-C1",1444783,JR6135644,"2012-09-26 12:59:56",FS16658896,"2012-09-26 12:51:51",246,0
126866,1221027,1082393,WAR01CAL,1004854,11354,1110119803-398/10033958,1,A05G279838,Y,186,53,"CAMBIO DE UBICACI?N INTERNA VIENE DEL SECTOR E1-N4-C1",1444784,JR6135644,"2012-09-26 12:59:56",FS16658896,"2012-09-26 12:51:51",246,0
126868,1221029,1109737,WAR01CAL,1004678,11354,1110705501-014/10031767,1,A05G226370,Y,186,53,"Cambio DE ubicaci?n interna vienen de E1-N4-C1",1444786,JR6135644,"2012-09-26 12:59:56",FS16658896,"2012-09-26 12:51:51",225,0
126871,1221018,267689,WAR01CAL,1000025,11354,06BASB0213987,1,A05G156610,Y,186,53,"CAMBIO DE UBICACI?N INTERNA VIENE DEL SECTOR E1-N4-C1",1444789,JR6135644,"2012-09-26 12:59:56",FS16658896,"2012-09-26 12:51:51",246,0
126872,1221015,111406,WAR01CAL,1000025,11354,B0180732,1,A05G156609,Y,186,53,"CAMBIO DE UBICACI?N INTERNA VIENE DEL SECTOR E1-N4-C1",1444790,JR6135644,"2012-09-26 12:59:56",FS16658896,"2012-09-26 12:51:51",246,0
126873,1221014,111395,WAR01CAL,1000025,11354,B0180804,1,A05G156607,Y,186,53,"CAMBIO DE UBICACI?N INTERNA VIENE DEL SECTOR E1-N4-C1",1444791,JR6135644,"2012-09-26 12:59:56",FS16658896,"2012-09-26 12:51:51",246,0
150803,1799572,112424,WAR05ALP,1000090,15706,PAP/R7050423,1,,N,21,53,,2089703,DM80160637,"2013-10-08 16:14:02",FB52161950,"2013-09-16 16:18:52",6898,0
150804,1799573,112426,WAR05ALP,1000089,15706,PAP/R7050422,1,,N,21,53,,2089704,DM80160637,"2013-10-08 16:14:02",FB52161950,"2013-09-16 16:18:52",6898,0
151739,1805806,351442,WAR06ALP,1000573,15749,18442,1,A06G126281,Y,710,7,,2096583,DM80160637,"2013-10-08 11:25:10",FB52161950,"2013-09-30 11:36:14",7106,0
151740,1805805,351441,WAR06ALP,1000633,15749,38828,1,A06G126285,Y,225,7,,2096584,DM80160637,"2013-10-08 11:25:10",FB52161950,"2013-09-30 11:36:14",7106,0
151741,1805804,351440,WAR06ALP,1000633,15749,38827,1,A06G126284,Y,225,7,,2096585,DM80160637,"2013-10-08 11:25:10",FB52161950,"2013-09-30 11:36:14",7106,0
151743,1805802,284390,WAR06ALP,1000016,15749,A06G170761,1,A06G170761,Y,225,7,,2096587,DM80160637,"2013-10-08 11:25:10",FB52161950,"2013-09-30 11:36:14",7106,0
151744,1805801,261296,WAR06ALP,1000538,15749,A06G135926,1,A06G135926,Y,225,7,,2096588,DM80160637,"2013-10-08 11:25:11",FB52161950,"2013-09-30 11:36:14",7106,0
151745,1805800,261295,WAR06ALP,1000538,15749,A06G168592,1,A06G168592,Y,225,7,,2096589,DM80160637,"2013-10-08 11:25:11",FB52161950,"2013-09-30 11:36:14",7106,0
151746,1805799,261166,WAR06ALP,1000011,15749,A06G170750,1,A06G170750,Y,225,7,,2096590,DM80160637,"2013-10-08 11:25:11",FB52161950,"2013-09-30 11:36:14",7106,0
151748,1805797,261164,WAR06ALP,1000573,15749,A06G135899,1,A06G135899,Y,710,7,,2096592,DM80160637,"2013-10-08 11:25:11",FB52161950,"2013-09-30 11:36:14",7106,0
151750,1805795,253905,WAR06ALP,1000017,15749,A06G136147,1,A06G136147,Y,225,7,,2096594,DM80160637,"2013-10-08 11:25:11",FB52161950,"2013-09-30 11:36:14",7106,0
151760,1805785,225462,WAR06ALP,1002327,15749,A06G170874,1,A06G170874,Y,20,7,,2096604,DM80160637,"2013-10-08 11:25:12",FB52161950,"2013-09-30 11:36:14",6865,0
151761,1805784,224987,WAR06ALP,1000012,15749,A06G136125,1,A06G136125,Y,225,7,,2096605,DM80160637,"2013-10-08 11:25:12",FB52161950,"2013-09-30 11:36:14",7106,0
151763,1805782,224985,WAR06ALP,1000573,15749,A06G136131,1,A06G136131,Y,710,7,,2096607,DM80160637,"2013-10-08 11:25:12",FB52161950,"2013-09-30 11:36:14",7106,0
151764,1805781,223753,WAR06ALP,1003800,15749,A06G119985,1,A06G119985,Y,20,7,,2096608,DM80160637,"2013-10-08 11:25:13",FB52161950,"2013-09-30 11:36:14",6865,0
151765,1805780,198401,WAR06ALP,1000017,15749,A06G136113,1,A06G136113,Y,225,7,,2096609,DM80160637,"2013-10-08 11:25:13",FB52161950,"2013-09-30 11:36:14",7106,0
151766,1805779,198400,WAR06ALP,1000017,15749,A06G136112,1,A06G136112,Y,225,7,,2096610,DM80160637,"2013-10-08 11:25:13",FB52161950,"2013-09-30 11:36:14",7106,0
151769,1805776,194218,WAR06ALP,1000573,15749,A06G171236,1,A06G171236,Y,710,7,,2096613,DM80160637,"2013-10-08 11:25:13",FB52161950,"2013-09-30 11:36:14",7106,0
151770,1805775,194120,WAR06ALP,1000634,15749,A06G171237,1,A06G171237,Y,225,7,,2096614,DM80160637,"2013-10-08 11:25:13",FB52161950,"2013-09-30 11:36:14",7106,0
151771,1805774,194119,WAR06ALP,1000634,15749,A06G171235,1,A06G171235,Y,225,7,,2096615,DM80160637,"2013-10-08 11:25:13",FB52161950,"2013-09-30 11:36:14",7106,0
151772,1805773,186734,WAR06ALP,1000571,15749,A06G136008,1,A06G136008,Y,710,7,,2096616,DM80160637,"2013-10-08 11:25:13",FB52161950,"2013-09-30 11:36:14",7106,0
151775,1805769,97424,WAR06ALP,1000017,15749,A06G135988,1,A06G135988,Y,225,7,,2096619,DM80160637,"2013-10-08 11:25:14",FB52161950,"2013-09-30 11:36:14",7106,0
151776,1805768,97396,WAR06ALP,1000016,15749,A06G175036,1,A06G175036,Y,225,7,,2096620,DM80160637,"2013-10-08 11:25:14",FB52161950,"2013-09-30 11:36:14",7106,0
151777,1805767,61892,WAR06ALP,1000538,15749,A06G170810,1,A06G170810,Y,225,7,,2096621,DM80160637,"2013-10-08 11:25:14",FB52161950,"2013-09-30 11:36:14",7106,0
153440,NULL,1201865,BOL0074,1007062,15972,XKE3909907,1,A05T162557,Y,186,62,,2121840,HR72352036,"2013-10-30 10:16:27",FB52161950,"2013-10-24 10:11:30",2716,0
155657,NULL,1233520,VAL0038,1007249,15972,F7123905946,1,,N,580,62,"SE ENCONTRO WAR01BAR                D1 Y QUEDO UN LA UBICACION DD1 Y PERTENECE A fxfa laicon 1233381",2124057,HR72352036,"2013-10-31 09:37:57",FB52161950,"2013-10-30 12:25:30",2028,0
155712,NULL,1233518,VAL0062,1007249,15972,F7123821098,1,,N,580,62,"se encuentra ubicado en warbar01.... ubicacion interna D1",2124112,HR72352036,"2013-10-31 09:38:03",FB52161950,"2013-10-30 12:25:30",2028,0
155713,NULL,1233516,VAL0062,1007249,15972,F7123902690,1,,N,580,62,"se encuentra ubicado en warbar01.... ubicacion interna D1",2124113,HR72352036,"2013-10-31 09:38:03",FB52161950,"2013-10-30 12:25:30",2028,0
156805,NULL,1058560,BOL0079,1001260,15972,210231760910AA000466,1,A05T136755,Y,224,62,,2125205,HR72352036,"2013-10-31 10:00:31",FB52161950,"2013-10-30 12:46:09",2064,0
175358,NULL,94954,PLATFORM,1000012,21516,A06G133081,1,A06G133081,Y,225,7,"TRASLADO DE PLATFORM",2760499,LC72251039,"2014-10-27 16:07:39",JM1031122956,"2014-10-27 21:12:57",9061,0
175359,NULL,94955,PLATFORM,1000012,21516,56683,1,A06G185518,Y,225,7,"TRASLADO DE PLATFORM Y CAMBIO DE  SERIE",2760500,LC72251039,"2014-10-27 16:07:39",JM1031122956,"2014-10-27 21:12:57",11992,0
175360,NULL,94958,PLATFORM,1000012,21516,56686,1,A06G121284,Y,225,7,"TRASLADO DE PLATFORM Y CABIO DE SERIE",2760501,LC72251039,"2014-10-27 16:07:39",JM1031122956,"2014-10-27 21:12:56",11992,0
175363,NULL,103168,PLATFORM,1000584,21516,UEB/W3115834,1,C02G101763,Y,264,65,"SE REALIZO TRASLADO DE PLATFORM",2760504,LC72251039,"2014-10-27 16:07:39",JM1031122956,"2014-10-27 21:12:56",9659,0
175396,NULL,194151,PLATFORM,1000633,21516,38826,1,A06G185913,Y,225,7,"TRASLADO DE PLATFORM Y CAMBI DE SERIE",2760537,LC72251039,"2014-10-27 16:07:39",JM1031122956,"2014-10-27 21:12:52",11992,0
175400,NULL,194888,PLATFORM,1000012,21516,A06G116462,1,A06G116462,Y,225,7,"SE TRASLADO A PLATFORMSE CAMBIO SERIAL PORQUE NO ERA VISIBLE",2760541,LC72251039,"2014-10-27 16:07:39",JM1031122956,"2014-10-27 21:12:51",9061,0
175401,NULL,195872,PLATFORM,1000012,21516,A06G133083,1,A06G133083,Y,225,7,"SE TRASLADO PLATFORM",2760542,LC72251039,"2014-10-27 16:07:39",JM1031122956,"2014-10-27 21:12:51",9061,0
175409,NULL,235291,PLATFORM,1000584,21516,XIL/S3057895,1,C02G102352,Y,264,65,"TRASLADO DE PLATFORM",2760550,LC72251039,"2014-10-27 16:07:39",JM1031122956,"2014-10-27 21:12:50",9659,0
175413,NULL,263075,PLATFORM,1000633,21516,A06G158116,1,A06G158116,Y,225,7,"TRASLADO DE PLATFORM",2760554,LC72251039,"2014-10-27 16:07:39",JM1031122956,"2014-10-27 21:12:50",9113,0
175414,NULL,263076,PLATFORM,1000633,21516,A06G158117,1,A06G158117,Y,225,7,"traslado de platform",2760555,LC72251039,"2014-10-27 16:07:39",JM1031122956,"2014-10-27 21:12:49",9113,0
175475,NULL,1067445,PLATFORM,1000012,21516,A06G154418,1,A06G154418,Y,225,7,"SE TRASLADO DE PLATFORMSE CAMBIO SERIE PORQUE NO ERA VISIBLE",2760616,LC72251039,"2014-10-27 16:07:39",JM1031122956,"2014-10-27 21:12:43",9061,0
175481,NULL,1078210,PLATFORM,1000584,21516,ITF/R1035409,1,C02G119961,Y,264,65,"SE HIZO TRASLADO DE PLATFORM",2760622,LC72251039,"2014-10-27 16:07:39",JM1031122956,"2014-10-27 21:12:42",9659,0
175482,NULL,1078211,PLATFORM,1000584,21516,ITF/R1035425,1,C02G119960,Y,264,65,"SE HIZO TRASLADO DE PLATFORM",2760623,LC72251039,"2014-10-27 16:07:39",JM1031122956,"2014-10-27 21:12:42",9659,0
175483,NULL,1078212,PLATFORM,1000584,21516,ITF/R1035347,1,C02G119959,Y,264,65,"SE REALIZO TRASLADO DE PLATFORM",2760624,LC72251039,"2014-10-27 16:07:39",JM1031122956,"2014-10-27 21:12:42",9659,0
175484,NULL,1078213,PLATFORM,1000584,21516,ITF/R1035339,1,C02G119964,Y,264,65,"SE REALIZO TRASLADO DE PLATFORM",2760625,LC72251039,"2014-10-27 16:07:39",JM1031122956,"2014-10-27 21:12:42",9659,0
175485,NULL,1078214,PLATFORM,1000584,21516,ITF/R1035424,1,C02G119963,Y,264,65,"SE REALIZO TRASLADO DE PLATFORM",2760626,LC72251039,"2014-10-27 16:07:39",JM1031122956,"2014-10-27 21:12:42",9659,0
175486,NULL,1078215,PLATFORM,1000584,21516,ITF/R1014031,1,C02G119962,Y,264,65,"SE REALIZO TRASLADO DE PLATFORM",2760627,LC72251039,"2014-10-27 16:07:39",JM1031122956,"2014-10-27 21:12:42",9659,0
175487,NULL,1078220,PLATFORM,1000584,21516,ITF/R1010270,1,C02G119969,Y,264,66,"TRASLADO DE PLATFORM",2760628,LC72251039,"2014-10-27 16:07:39",JM1031122956,"2014-10-27 21:12:41",9659,0
175531,NULL,1204530,PLATFORM,1007083,21516,XKE2857971,1,A05T163984,Y,186,62,"traslado de platform ",2760672,LC72251039,"2014-10-27 16:07:39",JM1031122956,"2014-10-27 21:12:35",11996,0
175532,NULL,1204531,PLATFORM,1007083,21516,XKE2857439,1,A05T163985,Y,186,62,"traslado de platfor",2760673,LC72251039,"2014-10-27 16:07:39",JM1031122956,"2014-10-27 21:12:35",11996,0
176082,NULL,1491033,PLATFORM,1001033,21587,003N002469,1,,N,240,17,,2764162,LA98706823,"2014-10-28 14:00:39",JM1031122956,"2014-10-28 12:07:46",7993,0
176083,NULL,1491058,PLATFORM,1002964,21587,C01G109122,1,C01G117546,Y,440,69,,2764163,LA98706823,"2014-10-28 14:00:39",JM1031122956,"2014-10-28 12:07:46",7993,0
176084,NULL,1491056,PLATFORM,1002329,21587,2103050387108A000001,1,C01G117544,Y,340,68,,2764164,LA98706823,"2014-10-28 14:00:39",JM1031122956,"2014-10-28 12:07:46",7993,0
176085,NULL,1491057,PLATFORM,1003055,21587,5026099,1,C01G117545,Y,23,6,,2764165,LA98706823,"2014-10-28 14:00:39",JM1031122956,"2014-10-28 12:07:46",7993,0
176086,NULL,1491060,PLATFORM,1001934,21587,KGG7548,1,,N,18,69,,2764166,LA98706823,"2014-10-28 14:00:39",JM1031122956,"2014-10-28 12:07:46",7993,0
176087,NULL,1491065,PLATFORM,1001934,21587,KG-G7091,1,,N,18,69,,2764167,LA98706823,"2014-10-28 14:00:39",JM1031122956,"2014-10-28 12:07:46",7993,0
176088,NULL,1491059,PLATFORM,1001934,21587,KGG7572,1,,N,18,69,,2764168,LA98706823,"2014-10-28 14:00:39",JM1031122956,"2014-10-28 12:07:46",7993,0
176089,NULL,1491055,PLATFORM,1002787,21587,212M24F1,1,C01G117543,Y,18,6,,2764169,LA98706823,"2014-10-28 14:00:40",JM1031122956,"2014-10-28 12:07:46",7980,0
176090,NULL,1491053,PLATFORM,1002787,21587,206M2528,1,C01G117541,Y,18,6,,2764170,LA98706823,"2014-10-28 14:00:40",JM1031122956,"2014-10-28 12:07:46",7980,0
176091,NULL,1491038,PLATFORM,1003276,21587,2102120185P075000011,1,,N,8,66,,2764171,LA98706823,"2014-10-28 14:00:40",JM1031122956,"2014-10-28 12:07:46",7980,0
176092,NULL,1491037,PLATFORM,1001845,21587,SIN_SERIAL,1,,N,22,6,,2764172,LA98706823,"2014-10-28 14:00:40",JM1031122956,"2014-10-28 12:07:46",7980,0
176093,NULL,1491054,PLATFORM,1002787,21587,206M2529,1,C01G117542,Y,18,6,,2764173,LA98706823,"2014-10-28 14:00:40",JM1031122956,"2014-10-28 12:07:46",7980,0
178170,2596837,1475756,WAR15BGEXT,1008041,21590,SD0010914012160040901,1,A05T227814,Y,11,152,,2781713,JC79723328,"2014-11-04 17:42:21",HV79870778,"2014-11-05 13:51:28",10579,0
178171,2596836,1475755,WAR15BGEXT,1008041,21590,SD0010914012160041001,1,A05T227815,Y,11,152,,2781714,JC79723328,"2014-11-04 17:42:21",HV79870778,"2014-11-05 13:51:28",10579,0
178172,2596835,1475754,WAR15BGEXT,1008041,21590,SD0010914012160041101,1,A05T227816,Y,11,152,,2781715,JC79723328,"2014-11-04 17:42:21",HV79870778,"2014-11-05 13:51:28",10579,0
178173,2596834,1475753,WAR15BGEXT,1008041,21590,SD0010914012160041201,1,A05T227817,Y,11,152,,2781716,JC79723328,"2014-11-04 17:42:21",HV79870778,"2014-11-05 13:51:28",10579,0
178174,2596841,1475760,WAR15BGEXT,1008041,21590,SD0010914012360070901,1,A05T227673,Y,11,152,,2781717,JC79723328,"2014-11-04 17:42:21",HV79870778,"2014-11-05 13:51:28",10579,0
178175,2596840,1475759,WAR15BGEXT,1008041,21590,SD0010914012360071001,1,A05T227672,Y,11,152,,2781718,JC79723328,"2014-11-04 17:42:21",HV79870778,"2014-11-05 13:51:28",10579,0
178176,2596839,1475758,WAR15BGEXT,1008041,21590,SD0010914012360071101,1,A05T227671,Y,11,152,,2781719,JC79723328,"2014-11-04 17:42:21",HV79870778,"2014-11-05 13:51:28",10579,0
178177,2596838,1475757,WAR15BGEXT,1008041,21590,SD0010914012360071201,1,A05T227670,Y,11,152,,2781720,JC79723328,"2014-11-04 17:42:21",HV79870778,"2014-11-05 13:51:28",10579,0
180500,NULL,1253131,PLATFORM,1002711,21604,,1,,N,252,62,"no maneja serial  se en encuentra en plataforma ",2818249,LC72251039,"2014-11-07 12:18:19",JM1031122956,"2014-11-06 16:29:37",8919,0
180501,NULL,1253129,PLATFORM,1002595,21604,,1,,N,252,62,,2818248,LC72251039,"2014-11-07 12:18:19",JM1031122956,"2014-11-06 16:29:37",8919,0
180502,NULL,1244032,PLATFORM,1004356,21604,F7123008760,1,,N,222,62,,2818247,LC72251039,"2014-11-07 12:18:19",JM1031122956,"2014-11-06 16:29:37",8919,0
180503,NULL,1242886,PLATFORM,1002599,21604,,2,,N,248,62,"no maneja serial se incuentra en plataforma",2818246,LC72251039,"2014-11-07 12:18:18",JM1031122956,"2014-11-06 16:29:36",8919,0
180504,NULL,1242885,PLATFORM,1002598,21604,,2,,N,252,62,"no maneja serial se incuentra en plataforma",2818245,LC72251039,"2014-11-07 12:18:18",JM1031122956,"2014-11-06 16:29:36",8919,0
180505,NULL,1242884,PLATFORM,1005479,21604,,2,,N,252,62,"no maneja serial se incuentra en plataforma",2818244,LC72251039,"2014-11-07 12:18:18",JM1031122956,"2014-11-06 16:29:36",8919,0
180506,NULL,1242883,PLATFORM,1004377,21604,,1,,N,248,62,"no maneja serial se incuentra en plataforma",2818243,LC72251039,"2014-11-07 12:18:18",JM1031122956,"2014-11-06 16:29:36",8919,0
180507,NULL,56005,PLATFORM,1000135,21604,UEB/W3600511,1,A05G314310,Y,192,53,"TRASLADO DE PLATAFORMA",2818242,LC72251039,"2014-11-07 12:14:49",JM1031122956,"2014-11-06 16:29:28",11953,0
180508,NULL,1242874,PLATFORM,1007247,21604,F7123515147,1,A05T168200,Y,580,62,,2818241,LC72251039,"2014-11-07 12:14:49",JM1031122956,"2014-11-06 16:29:28",8919,0
180509,NULL,1242875,PLATFORM,1007133,21604,F7123009052,1,A05T168201,Y,222,62,,2818240,LC72251039,"2014-11-07 12:18:18",JM1031122956,"2014-11-06 16:29:36",8919,0
180510,NULL,1242876,PLATFORM,1002471,21604,SK9123216122,1,,N,228,62,"no maneja serial se incuentra en plataforma",2818239,LC72251039,"2014-11-07 12:18:18",JM1031122956,"2014-11-06 16:29:36",8919,0
180511,NULL,1242877,PLATFORM,1007134,21604,,1,,N,242,62,,2818238,LC72251039,"2014-11-07 12:14:49",JM1031122956,"2014-11-06 16:29:28",8919,0
180512,NULL,1242878,PLATFORM,1002595,21604,,1,,N,252,62,"no maneja serial se incuentra en plataforma",2818237,LC72251039,"2014-11-07 12:14:49",JM1031122956,"2014-11-06 16:29:28",8919,0
180513,NULL,1242879,PLATFORM,1002596,21604,,2,,N,239,62,"no maneja serial se incuentra en plataforma",2818236,LC72251039,"2014-11-07 12:14:49",JM1031122956,"2014-11-06 16:29:28",8919,0
180514,NULL,1242880,PLATFORM,1007309,21604,,2,,N,511,62,"no maneja serial se incuentra en plataforma",2818235,LC72251039,"2014-11-07 12:18:18",JM1031122956,"2014-11-06 16:29:36",8919,0
180515,NULL,1242881,PLATFORM,1004378,21604,,2,,N,239,62,"no maneja serial se incuentra en plataforma",2818234,LC72251039,"2014-11-07 12:14:49",JM1031122956,"2014-11-06 16:29:28",8919,0
180516,NULL,1242882,PLATFORM,1002597,21604,,4,,N,239,62,"no maneja serial se incuentra en plataforma",2818233,LC72251039,"2014-11-07 12:14:49",JM1031122956,"2014-11-06 16:29:28",8919,0
