id,report,element,quantity
342,2,38979,1
343,2,38980,1
576,2,89547,1
1382,2,4895,1
1383,2,4904,1
1473,2,52664,1
1519,2,65293,1
2748,2,269485,1
3121,2,130014,1
3122,2,130015,1
3123,2,130016,1
3124,2,130017,1
4423,2,10,1
4564,2,51533,1
4567,2,54980,1
4568,2,54985,1
6675,2,70219,1
6677,2,82180,1
6678,2,82506,1
6679,2,82507,1
6680,2,82508,1
6681,2,82509,1
6682,2,94018,1
6683,2,94019,1
6684,2,94020,1
6685,2,94021,1
6686,2,95212,4
6687,2,95213,3
6688,2,95214,3
6689,2,95215,3
6690,2,95216,3
6691,2,98694,1
6692,2,95217,3
6693,2,95218,3
6694,2,95889,1
6695,2,97726,1
6696,2,97727,1
6697,2,97728,1
6698,2,97729,1
6699,2,97730,1
6700,2,97731,1
6701,2,97732,1
6702,2,98691,1
6703,2,98692,1
6704,2,98693,1
6705,2,147225,6
6706,2,147226,1
6827,2,134415,1
6911,2,251202,1
6913,2,251204,1
6914,2,251205,1
6915,2,251206,1
7126,2,74227,1
7128,2,74305,1
7130,2,74607,1
7131,2,74618,1
7132,2,74619,1
7133,2,74620,1
7135,2,74633,1
7136,2,74637,1
7139,2,74642,1
7140,2,74643,1
7141,2,74645,1
7144,2,74674,1
7145,2,74687,1
7146,2,74689,1
7147,2,74697,1
7150,2,74710,1
7152,2,75280,1
7153,2,75441,1
7154,2,75476,1
7155,2,75490,1
7156,2,75521,1
7157,2,75523,1
7158,2,75527,1
7159,2,75529,1
7160,2,75681,1
7161,2,75682,1
7162,2,75704,1
7163,2,75705,1
7164,2,75852,1
7165,2,75853,1
7166,2,75855,1
7167,2,75856,1
7169,2,76144,1
7170,2,76149,1
7171,2,76289,1
7282,2,94037,1
7458,2,135199,1
8056,2,68610,1
8313,2,259849,1
8314,2,259850,1
8316,2,259852,1
8317,2,259853,1
8319,2,259855,1
8320,2,259856,1
8321,2,259857,1
8322,2,259858,1
8323,2,259859,1
8324,2,259860,1
8325,2,259861,1
8326,2,259862,1
8327,2,259863,1
8328,2,259864,1
8329,2,259865,1
8330,2,259866,1
8331,2,259867,1
8332,2,259868,1
8333,2,259869,1
15376,2,108012,2
18905,2,51085,1
18906,2,51101,1
18953,2,68587,1
18960,2,69020,1
18962,2,70122,1
19024,2,74512,1
19030,2,74788,1
19031,2,74797,1
19041,2,76318,1
19047,2,77046,1
19048,2,77052,1
19196,2,2727,1
19197,2,2759,1
19198,2,2763,1
19202,2,6741,1
19203,2,7485,1
19204,2,7565,1
19205,2,7612,1
19209,2,7658,1
19212,2,12195,1
19237,2,44318,1
19239,2,44823,1
19242,2,51164,1
19246,2,51341,1
19247,2,52259,1
19248,2,52260,1
19505,2,5028,1
19513,2,12120,1
19533,2,51584,1
20140,2,198000,1
20148,2,214944,1
20149,2,214945,1
20150,2,214946,1
20154,2,214958,1
20492,2,8373,1
20617,2,28743,1
20618,2,28768,1
20621,2,28863,1
20623,2,29124,1
20624,2,29149,1
20625,2,29168,1
20626,2,29169,1
20627,2,29170,1
20628,2,29203,1
20631,2,29421,1
20632,2,29534,1
20636,2,30036,1
20638,2,31453,1
20641,2,31517,1
20643,2,31572,1
20644,2,31601,1
20646,2,31629,1
20648,2,31660,1
20649,2,31702,1
20650,2,31703,1
20652,2,31775,1
20654,2,31845,1
20660,2,32757,1
20661,2,32761,1
20663,2,32786,1
20664,2,32797,1
20665,2,32800,1
20668,2,32826,1
20669,2,32827,1
20670,2,32828,1
20671,2,32840,1
20678,2,33568,1
20680,2,33935,1
20681,2,34312,1
20683,2,34425,1
20684,2,34426,1
20685,2,34433,1
20686,2,34471,1
20687,2,34479,1
20688,2,34480,1
20689,2,34481,1
20690,2,34818,1
20691,2,34824,1
20692,2,35027,1
20698,2,40602,1
20701,2,41197,1
20702,2,41219,1
20710,2,43341,1
20718,2,44738,1
20719,2,44775,1
20740,2,58366,1
20777,2,75949,1
21115,2,161146,1
21122,2,161645,1
21181,2,177975,1
21292,2,198955,1
21293,2,198956,1
21294,2,198965,1
21815,2,8566,1
22193,2,95819,1
22385,2,131982,1
22386,2,131983,1
22387,2,131984,1
22388,2,131985,1
22559,2,149452,42
22589,2,150189,1
22590,2,150190,1
22591,2,150191,1
22592,2,150192,1
22593,2,150193,1
22594,2,150194,1
22711,2,154638,1
22833,2,167448,2
23092,2,187131,12
23501,2,147710,1
30821,2,162005,1
32270,2,189581,1
32271,2,189582,1
32272,2,189583,1
32273,2,189584,1
32274,2,189585,1
32275,2,189586,1
32276,2,189587,1
32277,2,189588,1
32278,2,189589,1
32279,2,189590,1
32280,2,189591,1
32281,2,189592,1
32282,2,189593,1
32283,2,189594,1
32284,2,189595,1
32285,2,189596,1
32286,2,189597,1
32287,2,189598,1
32288,2,189599,1
32289,2,189600,1
32290,2,189601,1
32291,2,189602,1
32292,2,189603,1
32293,2,189604,1
32294,2,189605,1
32295,2,189606,1
32296,2,189607,1
32297,2,189608,1
32298,2,189609,1
32299,2,189610,1
32300,2,189611,1
32301,2,189612,1
32302,2,189613,1
32303,2,189614,1
32304,2,189615,1
32305,2,189616,1
32306,2,189617,1
32984,2,294131,1
32985,2,294173,1
32989,2,294177,1
33001,2,294333,1
33009,2,294341,1
33013,2,294348,1
33022,2,295825,1
33701,2,308521,1
38011,2,130013,1
41901,3,38979,1
41902,3,38980,1
42135,3,89547,1
42941,3,4895,1
42942,3,4904,1
43032,3,52664,1
43078,3,65293,1
44307,3,269485,1
44680,3,130014,1
44681,3,130015,1
44682,3,130016,1
44683,3,130017,1
45982,3,10,1
46123,3,51533,1
46126,3,54980,1
46127,3,54985,1
48234,3,70219,1
48236,3,82180,1
48237,3,82506,1
48238,3,82507,1
48239,3,82508,1
48240,3,82509,1
48241,3,94018,1
48242,3,94019,1
48243,3,94020,1
48244,3,94021,1
48245,3,95212,4
48246,3,95213,3
48247,3,95214,3
48248,3,95215,3
48249,3,95216,3
48250,3,98694,1
48251,3,95217,3
48252,3,95218,3
48253,3,95889,1
48254,3,97726,1
48255,3,97727,1
48256,3,97728,1
48257,3,97729,1
48258,3,97730,1
48259,3,97731,1
48260,3,97732,1
48261,3,98691,1
48262,3,98692,1
48263,3,98693,1
48264,3,147225,6
48265,3,147226,1
48386,3,134415,1
48470,3,251202,1
48472,3,251204,1
48473,3,251205,1
48474,3,251206,1
48685,3,74227,1
48687,3,74305,1
48689,3,74607,1
48690,3,74618,1
48691,3,74619,1
48692,3,74620,1
48694,3,74633,1
48695,3,74637,1
48698,3,74642,1
48699,3,74643,1
48700,3,74645,1
48703,3,74674,1
48704,3,74687,1
48705,3,74689,1
48706,3,74697,1
48709,3,74710,1
48711,3,75280,1
48712,3,75441,1
48713,3,75476,1
48714,3,75490,1
48715,3,75521,1
48716,3,75523,1
48717,3,75527,1
48718,3,75529,1
48719,3,75681,1
48720,3,75682,1
48721,3,75704,1
48722,3,75705,1
48723,3,75852,1
48724,3,75853,1
48725,3,75855,1
48726,3,75856,1
48728,3,76144,1
48729,3,76149,1
48730,3,76289,1
48841,3,94037,1
49017,3,135199,1
49615,3,68610,1
49872,3,259849,1
49873,3,259850,1
49875,3,259852,1
49876,3,259853,1
49878,3,259855,1
49879,3,259856,1
49880,3,259857,1
49881,3,259858,1
49882,3,259859,1
49883,3,259860,1
49884,3,259861,1
49885,3,259862,1
49886,3,259863,1
49887,3,259864,1
49888,3,259865,1
49889,3,259866,1
49890,3,259867,1
49891,3,259868,1
49892,3,259869,1
56935,3,108012,2
60464,3,51085,1
60465,3,51101,1
60512,3,68587,1
60519,3,69020,1
60521,3,70122,1
60583,3,74512,1
60589,3,74788,1
60590,3,74797,1
60600,3,76318,1
60606,3,77046,1
60607,3,77052,1
60755,3,2727,1
60756,3,2759,1
60757,3,2763,1
60761,3,6741,1
60762,3,7485,1
60763,3,7565,1
60764,3,7612,1
60768,3,7658,1
60771,3,12195,1
60796,3,44318,1
60798,3,44823,1
60801,3,51164,1
60805,3,51341,1
60806,3,52259,1
60807,3,52260,1
61064,3,5028,1
61072,3,12120,1
61092,3,51584,1
61699,3,198000,1
61707,3,214944,1
61708,3,214945,1
61709,3,214946,1
61713,3,214958,1
62051,3,8373,1
62176,3,28743,1
62177,3,28768,1
62180,3,28863,1
62182,3,29124,1
62183,3,29149,1
62184,3,29168,1
62185,3,29169,1
62186,3,29170,1
62187,3,29203,1
62190,3,29421,1
62191,3,29534,1
62195,3,30036,1
62197,3,31453,1
62200,3,31517,1
62202,3,31572,1
62203,3,31601,1
62205,3,31629,1
62207,3,31660,1
62208,3,31702,1
62209,3,31703,1
62211,3,31775,1
62213,3,31845,1
62219,3,32757,1
62220,3,32761,1
62222,3,32786,1
62223,3,32797,1
62224,3,32800,1
62227,3,32826,1
62228,3,32827,1
62229,3,32828,1
62230,3,32840,1
62237,3,33568,1
62239,3,33935,1
62240,3,34312,1
62242,3,34425,1
62243,3,34426,1
62244,3,34433,1
62245,3,34471,1
62246,3,34479,1
62247,3,34480,1
62248,3,34481,1
62249,3,34818,1
62250,3,34824,1
62251,3,35027,1
62257,3,40602,1
62260,3,41197,1
62261,3,41219,1
62269,3,43341,1
62277,3,44738,1
62278,3,44775,1
62299,3,58366,1
62336,3,75949,1
62674,3,161146,1
62681,3,161645,1
62740,3,177975,1
62851,3,198955,1
62852,3,198956,1
62853,3,198965,1
63374,3,8566,1
63752,3,95819,1
63944,3,131982,1
63945,3,131983,1
63946,3,131984,1
63947,3,131985,1
64118,3,149452,42
64148,3,150189,1
64149,3,150190,1
64150,3,150191,1
64151,3,150192,1
64152,3,150193,1
64153,3,150194,1
64270,3,154638,1
64392,3,167448,2
64651,3,187131,12
65060,3,147710,1
72380,3,162005,1
73829,3,189581,1
73830,3,189582,1
73831,3,189583,1
73832,3,189584,1
73833,3,189585,1
73834,3,189586,1
73835,3,189587,1
73836,3,189588,1
73837,3,189589,1
73838,3,189590,1
73839,3,189591,1
73840,3,189592,1
73841,3,189593,1
73842,3,189594,1
73843,3,189595,1
73844,3,189596,1
73845,3,189597,1
73846,3,189598,1
73847,3,189599,1
73848,3,189600,1
73849,3,189601,1
73850,3,189602,1
73851,3,189603,1
73852,3,189604,1
73853,3,189605,1
73854,3,189606,1
73855,3,189607,1
73856,3,189608,1
73857,3,189609,1
73858,3,189610,1
73859,3,189611,1
73860,3,189612,1
73861,3,189613,1
73862,3,189614,1
73863,3,189615,1
73864,3,189616,1
73865,3,189617,1
74543,3,294131,1
74544,3,294173,1
74548,3,294177,1
74560,3,294333,1
74568,3,294341,1
74572,3,294348,1
74581,3,295825,1
75260,3,308521,1
79570,3,130013,1
83460,4,38979,1
83461,4,38980,1
83690,4,89547,1
84477,4,4895,1
84478,4,4904,1
84568,4,52664,1
84614,4,65293,1
85842,4,269485,1
86185,4,130014,1
86186,4,130015,1
86187,4,130016,1
86188,4,130017,1
87476,4,10,1
87633,4,51533,1
87637,4,54980,1
87638,4,54985,1
89778,4,311378,1
89864,4,70219,1
89866,4,82180,1
89867,4,82506,1
89868,4,82507,1
89869,4,82508,1
89870,4,82509,1
89871,4,94018,1
89872,4,94019,1
89873,4,94020,1
89874,4,94021,1
89875,4,95212,4
89876,4,95213,3
89877,4,95214,3
89878,4,95215,3
89879,4,95216,3
89880,4,98694,1
89881,4,95217,3
89882,4,95218,3
89883,4,95889,1
89884,4,97726,1
89885,4,97727,1
89886,4,97728,1
89887,4,97729,1
89888,4,97730,1
89889,4,97731,1
89890,4,97732,1
89891,4,98691,1
89892,4,98692,1
89893,4,98693,1
89894,4,147225,6
89895,4,147226,1
90016,4,134415,1
90100,4,251202,1
90102,4,251204,1
90103,4,251205,1
90104,4,251206,1
90316,4,74227,1
90318,4,74305,1
90320,4,74607,1
90321,4,74618,1
90322,4,74619,1
90323,4,74620,1
90325,4,74633,1
90326,4,74637,1
90329,4,74642,1
90330,4,74643,1
90331,4,74645,1
90334,4,74674,1
90335,4,74687,1
90336,4,74689,1
90337,4,74697,1
90340,4,74710,1
90342,4,75280,1
90343,4,75441,1
90344,4,75476,1
90345,4,75490,1
90346,4,75521,1
90347,4,75523,1
90348,4,75527,1
90349,4,75529,1
90350,4,75681,1
90351,4,75682,1
90352,4,75704,1
90353,4,75705,1
90354,4,75852,1
90355,4,75853,1
90356,4,75855,1
90357,4,75856,1
90359,4,76144,1
90360,4,76149,1
90361,4,76289,1
90472,4,94037,1
90648,4,135199,1
91254,4,68610,1
91510,4,259849,1
91511,4,259850,1
91513,4,259852,1
91514,4,259853,1
91516,4,259855,1
91517,4,259856,1
91518,4,259857,1
91519,4,259858,1
91520,4,259859,1
91521,4,259860,1
91522,4,259861,1
91523,4,259862,1
91524,4,259863,1
91525,4,259864,1
91526,4,259865,1
91527,4,259866,1
91528,4,259867,1
91529,4,259868,1
91530,4,259869,1
98594,4,108012,2
102121,4,51085,1
102122,4,51101,1
102169,4,68587,1
102176,4,69020,1
102178,4,70122,1
102240,4,74512,1
102246,4,74788,1
102247,4,74797,1
102257,4,76318,1
102263,4,77046,1
102264,4,77052,1
102412,4,2727,1
102413,4,2759,1
102414,4,2763,1
102418,4,6741,1
102419,4,7485,1
102420,4,7565,1
102421,4,7612,1
102425,4,7658,1
102428,4,12195,1
102453,4,44318,1
102455,4,44823,1
102458,4,51164,1
102462,4,51341,1
102463,4,52259,1
102464,4,52260,1
102722,4,5028,1
102730,4,12120,1
102750,4,51584,1
103357,4,198000,1
103365,4,214944,1
103366,4,214945,1
103367,4,214946,1
103371,4,214958,1
103709,4,8373,1
103833,4,28743,1
103834,4,28768,1
103837,4,28863,1
103839,4,29124,1
103840,4,29149,1
103841,4,29168,1
103842,4,29169,1
103843,4,29170,1
103844,4,29203,1
103847,4,29421,1
103848,4,29534,1
103852,4,30036,1
103854,4,31453,1
103857,4,31517,1
103859,4,31572,1
103860,4,31601,1
103862,4,31629,1
103864,4,31660,1
103865,4,31702,1
103866,4,31703,1
103868,4,31775,1
103870,4,31845,1
103876,4,32757,1
103877,4,32761,1
103879,4,32786,1
103880,4,32797,1
103881,4,32800,1
103884,4,32826,1
103885,4,32827,1
103886,4,32828,1
103887,4,32840,1
103894,4,33568,1
103896,4,33935,1
103897,4,34312,1
103899,4,34425,1
103900,4,34426,1
103901,4,34433,1
103902,4,34471,1
103903,4,34479,1
103904,4,34480,1
103905,4,34481,1
103906,4,34818,1
103907,4,34824,1
103908,4,35027,1
103914,4,40602,1
103917,4,41197,1
103918,4,41219,1
103926,4,43341,1
103934,4,44738,1
103935,4,44775,1
103956,4,58366,1
103995,4,75949,1
104330,4,161146,1
104337,4,161645,1
104396,4,177975,1
104512,4,198955,1
104513,4,198956,1
104514,4,198965,1
105033,4,8566,1
105368,4,95819,1
105558,4,131982,1
105559,4,131983,1
105560,4,131984,1
105561,4,131985,1
105731,4,149452,42
105761,4,150189,1
105762,4,150190,1
105763,4,150191,1
105764,4,150192,1
105765,4,150193,1
105766,4,150194,1
105883,4,154638,1
106002,4,167448,2
106261,4,187131,12
106668,4,147710,1
114038,4,162005,1
115484,4,189581,1
115485,4,189582,1
115486,4,189583,1
115487,4,189584,1
115488,4,189585,1
115489,4,189586,1
115490,4,189587,1
115491,4,189588,1
115492,4,189589,1
115493,4,189590,1
115494,4,189591,1
115495,4,189592,1
115496,4,189593,1
115497,4,189594,1
115498,4,189595,1
115499,4,189596,1
115500,4,189597,1
115501,4,189598,1
115502,4,189599,1
115503,4,189600,1
115504,4,189601,1
115505,4,189602,1
115506,4,189603,1
115507,4,189604,1
115508,4,189605,1
115509,4,189606,1
115510,4,189607,1
115511,4,189608,1
115512,4,189609,1
115513,4,189610,1
115514,4,189611,1
115515,4,189612,1
115516,4,189613,1
115517,4,189614,1
115518,4,189615,1
115519,4,189616,1
115520,4,189617,1
116192,4,294131,1
116193,4,294173,1
116197,4,294177,1
116209,4,294333,1
116217,4,294341,1
116221,4,294348,1
116230,4,295825,1
116906,4,308521,1
121191,4,130013,1
125103,5,38979,1
125104,5,38980,1
125333,5,89547,1
126120,5,4895,1
126121,5,4904,1
126211,5,52664,1
126257,5,65293,1
127485,5,269485,1
127828,5,130014,1
127829,5,130015,1
127830,5,130016,1
127831,5,130017,1
129119,5,10,1
129276,5,51533,1
129280,5,54980,1
129281,5,54985,1
131421,5,311378,1
131507,5,70219,1
131509,5,82180,1
131510,5,82506,1
131511,5,82507,1
131512,5,82508,1
131513,5,82509,1
131514,5,94018,1
131515,5,94019,1
131516,5,94020,1
131517,5,94021,1
131518,5,95212,4
131519,5,95213,3
131520,5,95214,3
131521,5,95215,3
131522,5,95216,3
131523,5,98694,1
131524,5,95217,3
131525,5,95218,3
131526,5,95889,1
131527,5,97726,1
131528,5,97727,1
131529,5,97728,1
131530,5,97729,1
131531,5,97730,1
131532,5,97731,1
131533,5,97732,1
131534,5,98691,1
131535,5,98692,1
131536,5,98693,1
131537,5,147225,6
131538,5,147226,1
131659,5,134415,1
131743,5,251202,1
131745,5,251204,1
131746,5,251205,1
131747,5,251206,1
131959,5,74227,1
131961,5,74305,1
131963,5,74607,1
131964,5,74618,1
131965,5,74619,1
131966,5,74620,1
131968,5,74633,1
131969,5,74637,1
131972,5,74642,1
131973,5,74643,1
131974,5,74645,1
131977,5,74674,1
131978,5,74687,1
131979,5,74689,1
131980,5,74697,1
131983,5,74710,1
131985,5,75280,1
131986,5,75441,1
131987,5,75476,1
131988,5,75490,1
131989,5,75521,1
131990,5,75523,1
131991,5,75527,1
131992,5,75529,1
131993,5,75681,1
131994,5,75682,1
131995,5,75704,1
131996,5,75705,1
131997,5,75852,1
131998,5,75853,1
131999,5,75855,1
132000,5,75856,1
132002,5,76144,1
132003,5,76149,1
132004,5,76289,1
132115,5,94037,1
132291,5,135199,1
132897,5,68610,1
133153,5,259849,1
133154,5,259850,1
133156,5,259852,1
133157,5,259853,1
133159,5,259855,1
133160,5,259856,1
133161,5,259857,1
133162,5,259858,1
133163,5,259859,1
133164,5,259860,1
133165,5,259861,1
133166,5,259862,1
133167,5,259863,1
133168,5,259864,1
133169,5,259865,1
133170,5,259866,1
133171,5,259867,1
133172,5,259868,1
133173,5,259869,1
140239,5,108012,2
143766,5,51085,1
143767,5,51101,1
143814,5,68587,1
143821,5,69020,1
143823,5,70122,1
143885,5,74512,1
143891,5,74788,1
143892,5,74797,1
143902,5,76318,1
143908,5,77046,1
143909,5,77052,1
144057,5,2727,1
144058,5,2759,1
144059,5,2763,1
144063,5,6741,1
144064,5,7485,1
144065,5,7565,1
144066,5,7612,1
144070,5,7658,1
144073,5,12195,1
144098,5,44318,1
144100,5,44823,1
144103,5,51164,1
144107,5,51341,1
144108,5,52259,1
144109,5,52260,1
144367,5,5028,1
144375,5,12120,1
144395,5,51584,1
145002,5,198000,1
145010,5,214944,1
145011,5,214945,1
145012,5,214946,1
145016,5,214958,1
145354,5,8373,1
145478,5,28743,1
145479,5,28768,1
145482,5,28863,1
145484,5,29124,1
145485,5,29149,1
145486,5,29168,1
145487,5,29169,1
145488,5,29170,1
145489,5,29203,1
145492,5,29421,1
145493,5,29534,1
145497,5,30036,1
145499,5,31453,1
145502,5,31517,1
145504,5,31572,1
145505,5,31601,1
145507,5,31629,1
145509,5,31660,1
145510,5,31702,1
145511,5,31703,1
145513,5,31775,1
145515,5,31845,1
145521,5,32757,1
145522,5,32761,1
145524,5,32786,1
145525,5,32797,1
145526,5,32800,1
145529,5,32826,1
145530,5,32827,1
145531,5,32828,1
145532,5,32840,1
145539,5,33568,1
145541,5,33935,1
145542,5,34312,1
145544,5,34425,1
145545,5,34426,1
145546,5,34433,1
145547,5,34471,1
145548,5,34479,1
145549,5,34480,1
145550,5,34481,1
145551,5,34818,1
145552,5,34824,1
145553,5,35027,1
145559,5,40602,1
145562,5,41197,1
145563,5,41219,1
145571,5,43341,1
145579,5,44738,1
145580,5,44775,1
145601,5,58366,1
145640,5,75949,1
145975,5,161146,1
145982,5,161645,1
146041,5,177975,1
146157,5,198955,1
146158,5,198956,1
146159,5,198965,1
146679,5,8566,1
147013,5,95819,1
147202,5,131982,1
147203,5,131983,1
147204,5,131984,1
147205,5,131985,1
147375,5,149452,42
147405,5,150189,1
147406,5,150190,1
147407,5,150191,1
147408,5,150192,1
147409,5,150193,1
147410,5,150194,1
147527,5,154638,1
147646,5,167448,2
147905,5,187131,12
148313,5,147710,1
155684,5,162005,1
157130,5,189581,1
157131,5,189582,1
157132,5,189583,1
157133,5,189584,1
157134,5,189585,1
157135,5,189586,1
157136,5,189587,1
157137,5,189588,1
157138,5,189589,1
157139,5,189590,1
157140,5,189591,1
157141,5,189592,1
157142,5,189593,1
157143,5,189594,1
157144,5,189595,1
157145,5,189596,1
157146,5,189597,1
157147,5,189598,1
157148,5,189599,1
157149,5,189600,1
157150,5,189601,1
157151,5,189602,1
157152,5,189603,1
157153,5,189604,1
157154,5,189605,1
157155,5,189606,1
157156,5,189607,1
157157,5,189608,1
157158,5,189609,1
157159,5,189610,1
157160,5,189611,1
157161,5,189612,1
157162,5,189613,1
157163,5,189614,1
157164,5,189615,1
157165,5,189616,1
157166,5,189617,1
157836,5,294131,1
157837,5,294173,1
157841,5,294177,1
157853,5,294333,1
157861,5,294341,1
157865,5,294348,1
157874,5,295825,1
158546,5,308521,1
162835,5,130013,1
167089,7,38979,1
167090,6,38979,1
167091,7,38980,1
167092,6,38980,1
167531,7,89547,1
167532,6,89547,1
169105,7,4895,1
169106,6,4895,1
169107,7,4904,1
169108,6,4904,1
169287,7,52664,1
169288,6,52664,1
169379,7,65293,1
169380,6,65293,1
171835,6,269485,1
171836,7,269485,1
172523,6,130014,1
172524,7,130014,1
172525,6,130015,1
172526,7,130015,1
172527,6,130016,1
172528,7,130016,1
172529,6,130017,1
172530,7,130017,1
175103,6,10,1
175108,7,10,1
175417,6,51533,1
175422,7,51533,1
175425,6,54980,1
175427,6,54985,1
175430,7,54980,1
175432,7,54985,1
179707,6,311378,1
179712,7,311378,1
179879,6,70219,1
179883,6,82180,1
179884,7,70219,1
179885,6,82506,1
179887,6,82507,1
179888,7,82180,1
179889,6,82508,1
179890,7,82506,1
179891,6,82509,1
179892,7,82507,1
179893,6,94018,1
179894,7,82508,1
179895,6,94019,1
179896,7,82509,1
179897,6,94020,1
179898,7,94018,1
179899,6,94021,1
179900,7,94019,1
179901,6,95212,4
179902,7,94020,1
179903,6,95213,3
179904,7,94021,1
179905,6,95214,3
179906,7,95212,4
179907,6,95215,3
179908,7,95213,3
179909,6,95216,3
179910,7,95214,3
179911,6,98694,1
179912,7,95215,3
179913,6,95217,3
179914,7,95216,3
179915,6,95218,3
179916,7,98694,1
179917,6,95889,1
179918,7,95217,3
179919,6,97726,1
179920,7,95218,3
179921,6,97727,1
179922,7,95889,1
179923,6,97728,1
179924,7,97726,1
179925,6,97729,1
179926,7,97727,1
179927,6,97730,1
179928,7,97728,1
179929,6,97731,1
179930,7,97729,1
179931,6,97732,1
179932,7,97730,1
179933,6,98691,1
179934,7,97731,1
179935,6,98692,1
179936,7,97732,1
179937,6,98693,1
179938,7,98691,1
179939,6,147225,6
179940,7,98692,1
179941,6,147226,1
179942,7,98693,1
179944,7,147225,6
179946,7,147226,1
180183,6,134415,1
180188,7,134415,1
180351,6,251202,1
180355,6,251204,1
180356,7,251202,1
180357,6,251205,1
180359,6,251206,1
180360,7,251204,1
180362,7,251205,1
180364,7,251206,1
180783,6,74227,1
180787,6,74305,1
180788,7,74227,1
180791,6,74607,1
180792,7,74305,1
180793,6,74618,1
180795,6,74619,1
180796,7,74607,1
180797,6,74620,1
180798,7,74618,1
180800,7,74619,1
180801,6,74633,1
180802,7,74620,1
180803,6,74637,1
180806,7,74633,1
180808,7,74637,1
180809,6,74642,1
180811,6,74643,1
180813,6,74645,1
180814,7,74642,1
180816,7,74643,1
180818,7,74645,1
180819,6,74674,1
180821,6,74687,1
180823,6,74689,1
180824,7,74674,1
180825,6,74697,1
180826,7,74687,1
180828,7,74689,1
180830,7,74697,1
180831,6,74710,1
180835,6,75280,1
180836,7,74710,1
180837,6,75441,1
180839,6,75476,1
180840,7,75280,1
180841,6,75490,1
180842,7,75441,1
180843,6,75521,1
180844,7,75476,1
180845,6,75523,1
180846,7,75490,1
180847,6,75527,1
180848,7,75521,1
180849,6,75529,1
180850,7,75523,1
180851,6,75681,1
180852,7,75527,1
180853,6,75682,1
180854,7,75529,1
180855,6,75704,1
180856,7,75681,1
180857,6,75705,1
180858,7,75682,1
180859,6,75852,1
180860,7,75704,1
180861,6,75853,1
180862,7,75705,1
180863,6,75855,1
180864,7,75852,1
180865,6,75856,1
180866,7,75853,1
180868,7,75855,1
180869,6,76144,1
180870,7,75856,1
180871,6,76149,1
180873,6,76289,1
180874,7,76144,1
180876,7,76149,1
180878,7,76289,1
181095,6,94037,1
181100,7,94037,1
181447,6,135199,1
181452,7,135199,1
182659,6,68610,1
182664,7,68610,1
183171,6,259849,1
183173,6,259850,1
183176,7,259849,1
183177,6,259852,1
183178,7,259850,1
183179,6,259853,1
183182,7,259852,1
183183,6,259855,1
183184,7,259853,1
183185,6,259856,1
183187,6,259857,1
183188,7,259855,1
183189,6,259858,1
183190,7,259856,1
183191,6,259859,1
183192,7,259857,1
183193,6,259860,1
183194,7,259858,1
183195,6,259861,1
183196,7,259859,1
183197,6,259862,1
183198,7,259860,1
183199,6,259863,1
183200,7,259861,1
183201,6,259864,1
183202,7,259862,1
183203,6,259865,1
183204,7,259863,1
183205,6,259866,1
183206,7,259864,1
183207,6,259867,1
183208,7,259865,1
183209,6,259868,1
183210,7,259866,1
183211,6,259869,1
183212,7,259867,1
183214,7,259868,1
183216,7,259869,1
197342,6,108012,2
197345,7,108012,2
204397,7,51085,1
204398,6,51085,1
204399,7,51101,1
204400,6,51101,1
204493,7,68587,1
204494,6,68587,1
204507,7,69020,1
204508,6,69020,1
204511,7,70122,1
204512,6,70122,1
204635,7,74512,1
204636,6,74512,1
204647,7,74788,1
204648,6,74788,1
204649,7,74797,1
204650,6,74797,1
204669,7,76318,1
204670,6,76318,1
204681,7,77046,1
204682,6,77046,1
204683,7,77052,1
204684,6,77052,1
204979,7,2727,1
204980,6,2727,1
204981,7,2759,1
204982,6,2759,1
204983,7,2763,1
204984,6,2763,1
204991,7,6741,1
204992,6,6741,1
204993,7,7485,1
204994,6,7485,1
204995,7,7565,1
204996,6,7565,1
204997,7,7612,1
204998,6,7612,1
205005,7,7658,1
205006,6,7658,1
205011,7,12195,1
205012,6,12195,1
205061,7,44318,1
205062,6,44318,1
205065,7,44823,1
205066,6,44823,1
205071,7,51164,1
205072,6,51164,1
205079,7,51341,1
205080,6,51341,1
205081,7,52259,1
205082,6,52259,1
205083,7,52260,1
205084,6,52260,1
205599,7,5028,1
205600,6,5028,1
205615,7,12120,1
205616,6,12120,1
205655,7,51584,1
205656,6,51584,1
206869,6,198000,1
206870,7,198000,1
206885,6,214944,1
206886,7,214944,1
206887,6,214945,1
206888,7,214945,1
206889,6,214946,1
206890,7,214946,1
206897,6,214958,1
206898,7,214958,1
207573,6,8373,1
207574,7,8373,1
207821,6,28743,1
207822,7,28743,1
207823,6,28768,1
207824,7,28768,1
207829,6,28863,1
207830,7,28863,1
207833,6,29124,1
207834,7,29124,1
207835,6,29149,1
207836,7,29149,1
207837,6,29168,1
207838,7,29168,1
207839,6,29169,1
207840,7,29169,1
207841,6,29170,1
207842,7,29170,1
207843,6,29203,1
207844,7,29203,1
207849,6,29421,1
207850,7,29421,1
207851,6,29534,1
207852,7,29534,1
207859,6,30036,1
207860,7,30036,1
207863,6,31453,1
207864,7,31453,1
207869,6,31517,1
207870,7,31517,1
207873,6,31572,1
207874,7,31572,1
207875,6,31601,1
207876,7,31601,1
207879,6,31629,1
207880,7,31629,1
207883,6,31660,1
207884,7,31660,1
207885,6,31702,1
207886,7,31702,1
207887,6,31703,1
207888,7,31703,1
207891,6,31775,1
207892,7,31775,1
207895,6,31845,1
207896,7,31845,1
207907,6,32757,1
207908,7,32757,1
207909,6,32761,1
207910,7,32761,1
207913,6,32786,1
207914,7,32786,1
207915,6,32797,1
207916,7,32797,1
207917,6,32800,1
207918,7,32800,1
207923,6,32826,1
207924,7,32826,1
207925,6,32827,1
207926,7,32827,1
207927,6,32828,1
207928,7,32828,1
207929,6,32840,1
207930,7,32840,1
207943,6,33568,1
207944,7,33568,1
207947,6,33935,1
207948,7,33935,1
207949,6,34312,1
207950,7,34312,1
207953,6,34425,1
207954,7,34425,1
207955,6,34426,1
207956,7,34426,1
207957,6,34433,1
207958,7,34433,1
207959,6,34471,1
207960,7,34471,1
207961,6,34479,1
207962,7,34479,1
207963,6,34480,1
207964,7,34480,1
207965,6,34481,1
207966,7,34481,1
207967,6,34818,1
207968,7,34818,1
207969,6,34824,1
207970,7,34824,1
207971,6,35027,1
207972,7,35027,1
207983,6,40602,1
207984,7,40602,1
207989,6,41197,1
207990,7,41197,1
207991,6,41219,1
207992,7,41219,1
208007,6,43341,1
208008,7,43341,1
208023,6,44738,1
208024,7,44738,1
208025,6,44775,1
208026,7,44775,1
208067,6,58366,1
208068,7,58366,1
208145,6,75949,1
208146,7,75949,1
208815,6,161146,1
208816,7,161146,1
208829,6,161645,1
208830,7,161645,1
208945,6,177975,1
208946,7,177975,1
209177,6,198955,1
209178,7,198955,1
209179,6,198956,1
209180,7,198956,1
209181,6,198965,1
209182,7,198965,1
210218,7,8566,1
210225,6,8566,1
210886,7,95819,1
210893,6,95819,1
211262,7,131982,1
211264,7,131983,1
211266,7,131984,1
211268,7,131985,1
211269,6,131982,1
211271,6,131983,1
211273,6,131984,1
211275,6,131985,1
211608,7,149452,42
211615,6,149452,42
211668,7,150189,1
211670,7,150190,1
211672,7,150191,1
211674,7,150192,1
211675,6,150189,1
211676,7,150193,1
211677,6,150190,1
211678,7,150194,1
211679,6,150191,1
211681,6,150192,1
211683,6,150193,1
211685,6,150194,1
211912,7,154638,1
211919,6,154638,1
212150,7,167448,2
212157,6,167448,2
212662,7,187131,12
212669,6,187131,12
213478,7,147710,1
213485,6,147710,1
228219,7,162005,1
228232,6,162005,1
231116,7,189581,1
231118,7,189582,1
231120,7,189583,1
231122,7,189584,1
231124,7,189585,1
231126,7,189586,1
231128,7,189587,1
231130,7,189588,1
231131,6,189581,1
231132,7,189589,1
231133,6,189582,1
231134,7,189590,1
231135,6,189583,1
231136,7,189591,1
231137,6,189584,1
231138,7,189592,1
231139,6,189585,1
231140,7,189593,1
231141,6,189586,1
231142,7,189594,1
231143,6,189587,1
231144,7,189595,1
231145,6,189588,1
231146,7,189596,1
231147,6,189589,1
231148,7,189597,1
231149,6,189590,1
231150,7,189598,1
231151,6,189591,1
231152,7,189599,1
231153,6,189592,1
231154,7,189600,1
231155,6,189593,1
231156,7,189601,1
231157,6,189594,1
231158,7,189602,1
231159,6,189595,1
231160,7,189603,1
231161,6,189596,1
231162,7,189604,1
231163,6,189597,1
231164,7,189605,1
231165,6,189598,1
231166,7,189606,1
231167,6,189599,1
231168,7,189607,1
231169,6,189600,1
231170,7,189608,1
231171,6,189601,1
231172,7,189609,1
231173,6,189602,1
231174,7,189610,1
231175,6,189603,1
231176,7,189611,1
231177,6,189604,1
231178,7,189612,1
231179,6,189605,1
231180,7,189613,1
231181,6,189606,1
231182,7,189614,1
231183,6,189607,1
231184,7,189615,1
231185,6,189608,1
231186,7,189616,1
231187,6,189609,1
231188,7,189617,1
231189,6,189610,1
231191,6,189611,1
231193,6,189612,1
231195,6,189613,1
231197,6,189614,1
231199,6,189615,1
231201,6,189616,1
231203,6,189617,1
232528,7,294131,1
232530,7,294173,1
232538,7,294177,1
232543,6,294131,1
232545,6,294173,1
232553,6,294177,1
232562,7,294333,1
232577,6,294333,1
232578,7,294341,1
232586,7,294348,1
232593,6,294341,1
232601,6,294348,1
232604,7,295825,1
232619,6,295825,1
233948,7,308521,1
233963,6,308521,1
242525,7,130013,1
242542,6,130013,1
250036,8,38979,1
250037,8,38980,1
250257,8,89547,1
251112,8,4895,1
251113,8,4904,1
251203,8,52664,1
251249,8,65293,1
252480,8,269485,1
252834,8,130014,1
252835,8,130015,1
252836,8,130016,1
252837,8,130017,1
254148,8,10,1
254300,8,51533,1
254304,8,54980,1
254305,8,54985,1
256382,8,311378,1
256470,8,70219,1
256472,8,82180,1
256473,8,82506,1
256474,8,82507,1
256475,8,82508,1
256476,8,82509,1
256477,8,94018,1
256478,8,94019,1
256479,8,94020,1
256480,8,94021,1
256481,8,95212,4
256482,8,95213,3
256483,8,95214,3
256484,8,95215,3
256485,8,95216,3
256486,8,98694,1
256487,8,95217,3
256488,8,95218,3
256489,8,95889,1
256490,8,97726,1
256491,8,97727,1
256492,8,97728,1
256493,8,97729,1
256494,8,97730,1
256495,8,97731,1
256496,8,97732,1
256497,8,98691,1
256498,8,98692,1
256499,8,98693,1
256500,8,147225,6
256501,8,147226,1
256622,8,134415,1
256706,8,251202,1
256708,8,251204,1
256709,8,251205,1
256710,8,251206,1
256922,8,74227,1
256924,8,74305,1
256926,8,74607,1
256927,8,74618,1
256928,8,74619,1
256929,8,74620,1
256931,8,74633,1
256932,8,74637,1
256935,8,74642,1
256936,8,74643,1
256937,8,74645,1
256940,8,74674,1
256941,8,74687,1
256942,8,74689,1
256943,8,74697,1
256946,8,74710,1
256948,8,75280,1
256949,8,75441,1
256950,8,75476,1
256951,8,75490,1
256952,8,75521,1
256953,8,75523,1
256954,8,75527,1
256955,8,75529,1
256956,8,75681,1
256957,8,75682,1
256958,8,75704,1
256959,8,75705,1
256960,8,75852,1
256961,8,75853,1
256962,8,75855,1
256963,8,75856,1
256965,8,76144,1
256966,8,76149,1
256967,8,76289,1
257078,8,94037,1
257256,8,135199,1
257873,8,68610,1
258129,8,259849,1
258130,8,259850,1
258132,8,259852,1
258133,8,259853,1
258135,8,259855,1
258136,8,259856,1
258137,8,259857,1
258138,8,259858,1
258139,8,259859,1
258140,8,259860,1
258141,8,259861,1
258142,8,259862,1
258143,8,259863,1
258144,8,259864,1
258145,8,259865,1
258146,8,259866,1
258147,8,259867,1
258148,8,259868,1
258149,8,259869,1
265196,8,108012,2
268723,8,51085,1
268724,8,51101,1
268771,8,68587,1
268778,8,69020,1
268780,8,70122,1
268842,8,74512,1
268848,8,74788,1
268849,8,74797,1
268859,8,76318,1
268865,8,77046,1
268866,8,77052,1
269014,8,2727,1
269015,8,2759,1
269016,8,2763,1
269020,8,6741,1
269021,8,7485,1
269022,8,7565,1
269023,8,7612,1
269027,8,7658,1
269030,8,12195,1
269055,8,44318,1
269057,8,44823,1
269060,8,51164,1
269064,8,51341,1
269065,8,52259,1
269066,8,52260,1
269324,8,5028,1
269332,8,12120,1
269352,8,51584,1
269959,8,198000,1
269967,8,214944,1
269968,8,214945,1
269969,8,214946,1
269973,8,214958,1
270311,8,8373,1
270435,8,28743,1
270436,8,28768,1
270439,8,28863,1
270441,8,29124,1
270442,8,29149,1
270443,8,29168,1
270444,8,29169,1
270445,8,29170,1
270446,8,29203,1
270449,8,29421,1
270450,8,29534,1
270454,8,30036,1
270456,8,31453,1
270459,8,31517,1
270461,8,31572,1
270462,8,31601,1
270464,8,31629,1
270466,8,31660,1
270467,8,31702,1
270468,8,31703,1
270470,8,31775,1
270472,8,31845,1
270478,8,32757,1
270479,8,32761,1
270481,8,32786,1
270482,8,32797,1
270483,8,32800,1
270486,8,32826,1
270487,8,32827,1
270488,8,32828,1
270489,8,32840,1
270496,8,33568,1
270498,8,33935,1
270499,8,34312,1
270501,8,34425,1
270502,8,34426,1
270503,8,34433,1
270504,8,34471,1
270505,8,34479,1
270506,8,34480,1
270507,8,34481,1
270508,8,34818,1
270509,8,34824,1
270510,8,35027,1
270516,8,40602,1
270519,8,41197,1
270520,8,41219,1
270528,8,43341,1
270536,8,44738,1
270537,8,44775,1
270558,8,58366,1
270597,8,75949,1
270932,8,161146,1
270939,8,161645,1
270997,8,177975,1
271113,8,198955,1
271114,8,198956,1
271115,8,198965,1
271638,8,8566,1
271972,8,95819,1
272159,8,131982,1
272160,8,131983,1
272161,8,131984,1
272162,8,131985,1
272330,8,149452,42
272360,8,150189,1
272361,8,150190,1
272362,8,150191,1
272363,8,150192,1
272364,8,150193,1
272365,8,150194,1
272482,8,154638,1
272601,8,167448,2
272857,8,187131,12
273265,8,147710,1
280613,8,162005,1
282058,8,189581,1
282059,8,189582,1
282060,8,189583,1
282061,8,189584,1
282062,8,189585,1
282063,8,189586,1
282064,8,189587,1
282065,8,189588,1
282066,8,189589,1
282067,8,189590,1
282068,8,189591,1
282069,8,189592,1
282070,8,189593,1
282071,8,189594,1
282072,8,189595,1
282073,8,189596,1
282074,8,189597,1
282075,8,189598,1
282076,8,189599,1
282077,8,189600,1
282078,8,189601,1
282079,8,189602,1
282080,8,189603,1
282081,8,189604,1
282082,8,189605,1
282083,8,189606,1
282084,8,189607,1
282085,8,189608,1
282086,8,189609,1
282087,8,189610,1
282088,8,189611,1
282089,8,189612,1
282090,8,189613,1
282091,8,189614,1
282092,8,189615,1
282093,8,189616,1
282094,8,189617,1
282761,8,294131,1
282762,8,294173,1
282766,8,294177,1
282778,8,294333,1
282786,8,294341,1
282790,8,294348,1
282799,8,295825,1
283470,8,308521,1
287684,8,130013,1
